videoID;Artist;Location;Date;Title;viewCount
gjMBua_1J4Y;Seth Troxler;Mexico;2014-04-04;Seth Troxler Boiler Room & Ballantine's Stay True Mexico DJ Set;301979
m0AavdaZo34;Oscar Mulero;Dekmantel Festival;2014-08-14;Oscar Mulero Boiler Room x Dekmantel Festival DJ Set;268025
Cj1LDGo-SQo;TA-KU;Los Angeles;2013-04-09;TA-KU Boiler Room Los Angeles DJ Set;285881
ZyOqiIKoMQw;Ellen Allien;Berlin;2012-11-16;Ellen Allien 70 min Boiler Room Berlin DJ Set;682116
aiqhC24NJhc;Dominik Eulberg;Berlin;2013-04-02;Dominik Eulberg Boiler Room Berlin DJ Set;1166837
YIcbIIHcx44;Nina Kraviz;Scotland;2015-06-21;Nina Kraviz Boiler Room & Ballantine's Stay True Scotland DJ Set;652164
O8_A3juzav8;Black Motion;South Africa;2015-03-23;Black Motion Boiler Room & Ballantine's Stay True South Africa DJ Set;258375
lXCNw1DaIzo;?uestlove;NYC;2012-11-27;?uestlove Boiler Room DJ Set RBMA takeover NYC;354163
644UU55eyzk;Frankie Knuckles;NYC;2013-05-12;Frankie Knuckles Boiler Room NYC DJ Set;1831230
Wx4LBAn0-Ow;Joe Claussell;Paris Weather Festival;2014-06-01;Joe Claussell Boiler Room Paris X Weather Festival DJ Set;262294
O-LKGZ1FiEQ;dOP;Berlin;2014-10-20;dOP Boiler Room Berlin Live Set;382727
eaOcTN6EORw;Seth Troxler;Amsterdam;2012-06-01;Seth Troxler 50 min Boiler Room Amsterdam DJ set;258967
TaFJGvwaczU;Robert Hood;Mutek;2013-06-26;Robert Hood Boiler Room x Red Bull Music Academy DJ set at Mutek;433185
DGWL7YI_2rI;Ben Klock;Berlin;2013-02-22;Ben Klock Boiler Room Berlin DJ Set;2482629
xogJgUteDAs;Nina Kraviz;Berlin;2013-02-22;Nina Kraviz Boiler Room Berlin DJ Set;3495084
EfZu4BCi644;Acid Pauli;Tulum;2015-03-04;Acid Pauli Boiler Room Tulum DJ Set;1120396
xSH84m5ktUw;Adriatique;Tulum;2015-03-15;Adriatique Boiler Room Tulum DJ Set;380182
7J59dvHC8RE;The Martinez Brothers;Ibiza;2014-08-29;The Martinez Brothers Boiler Room Ibiza DJ Set;1062807
U4dK9yodrsk;Baauer;New York;2012-08-03;Baauer 50 min Boiler Room New York DJ Set;504281
kemmHXG6dL8;ESTA;London;2014-06-10;ESTA Boiler Room London DJ Set;318056
4_Jk34-b_Jw;Buraka Som Sistema;Lisboa;2013-02-21;Buraka Som Sistema Boiler Room Lisboa DJ Set - Red Bull Music Academy Takeover;752767
03Y27qBl8Js;Rone;Nuits Sonores Festival;2013-06-10;Rone Boiler Room LIVE Show / Nuits Sonores Festival;554447
xb5tRh-bURU;Detroit Swindle;undefined;2013-07-04;Detroit Swindle Boiler Room DJ Set;348994
ECfxP6OpsNU;Toro y Moi;Los Angeles;2012-11-30;Toro y Moi Boiler Room Los Angeles DJ Set;382627
11Yd9u6BN4o;Jazzy Jeff;London;2014-04-22;Jazzy Jeff Boiler Room London DJ Set;896621
LxUZ1A6xbWw;A-Trak;undefined;2012-06-06;A-Trak Boiler Room DJ Set;364516
OraL6lKoyXE;DJ EZ;London;2014-02-05;DJ EZ Boiler Room London 3.5 Hour DJ Set;1198907
Fi45s7HAkgs;Nic Fanciulli;Ibiza;2013-09-24;Nic Fanciulli Boiler Room Ibiza Villa Takeovers DJ Set;462647
_qVAJBl8WTw;Purity Ring;Montreal;2013-05-28;Purity Ring Boiler Room Montreal DJ Set;417471
UlK3WwP26oE;Ellen Allien;Ibiza;2014-07-26;Ellen Allien Boiler Room Ibiza DJ Set;1270933
b4hp75IwhV8;Skream;undefined;2013-12-12;Skream Boiler Room DJ Set;956557
dNsTb2_KeRE;Jamie Jones;undefined;2012-10-31;Jamie Jones 45 min Boiler Room DJ Set;513614
qt-ohn5C3kU;Thom Yorke;undefined;2012-06-01;Thom Yorke 30 min Boiler Room DJ set;919827
GiDgmPZE_Rc;Four Tet;undefined;2012-06-06;Four Tet 45 min Boiler Room DJ Set;343707
WN8rMmYc7L4;Xosar;Dekmantel Festival;2013-08-30;Xosar Boiler Room LIVE Show at Dekmantel Festival;387233
0AQypFQf0Rg;Sarah Farina;Berlin;2014-09-22;Sarah Farina Boiler Room Berlin DJ Set;311091
NAm1JMDZEvI;Jamie xx;undefined;2012-12-07;Jamie xx 55 min Boiler Room Mix;888493
DboCrhYpziY;Richie Hawtin;Berlin;2012-06-01;Richie Hawtin 60 min Boiler Room Berlin DJ set;334071
E5jDJChy5iw;Tiga;undefined;2013-04-08;Tiga Boiler Room DJ Set;551094
OsXh7bvZFF4;Maceo Plex;Ibiza;2015-11-11;Maceo Plex Boiler Room Ibiza DJ Set;453584
AGdA7cmSkFk;Jamie Jones;Ibiza;2013-08-21;Jamie Jones Boiler Room Ibiza Villa Takeovers DJ Set;2385292
Y1TqT4qm3cA;Gui Boratto Dj;São Paulo;2014-02-11;Gui Boratto Dj Set Boiler Room São Paulo;590220
1Tndlzrc_g0;Surgeon;undefined;2012-11-29;Surgeon 60 Min Boiler Room Mix;278154
Ht_RshpD63s;Magda;Movement;2013-06-24;Magda 45 Minute Mix Boiler Room x Movement;630898
40NCDTpv_OI;Laurent Garnier;Warehouse Project Manchester;2013-02-05;Laurent Garnier Boiler Room Dj Set at Warehouse Project Manchester;761826
VOOaVSKB1SQ;Lord of the Mics;London;2014-06-03;Lord of the Mics Boiler Room London;349616
hJGetX0ptTk;Âme;Berlin;2012-12-14;Âme LIVE in the Boiler Room Berlin Groove Magazine take-over;411494
8v_3k-94n30;Tale Of Us;Berlin;2015-12-14;Tale Of Us Boiler Room Berlin 5th Birthday DJ Set;285769
Ca93bp-jpn8;Bonobo;London — Alexandra Palace;2015-07-02;Bonobo Boiler Room London — Live at Alexandra Palace;747933
9JtTbx-hYWk;Black Coffee;South Africa;2015-03-23;Black Coffee Boiler Room & Ballantine's Stay True South Africa DJ Set;273097
TkVhmr_GYbM;Maceo Plex;undefined;2013-03-11;Maceo Plex Boiler Room DJ Set;693981
MEVFKX85ze4;Gesaffelstein DJ;Berlin;2013-01-21;Gesaffelstein DJ set at House of Vans x Boiler Room Berlin;1805859
nwOtdvuPFDk;Ellen Allien;Berlin;2015-11-10;Ellen Allien Boiler Room Berlin DJ Set;487449
ReG45AJhVLc;LOUISAHHH!!!Boiler;Paris;2013-11-14;LOUISAHHH!!!Boiler Room Paris DJ Set;270525
V1ZxFNrUBFw;Nina Kraviz;ADE;2012-10-23;Nina Kraviz 65 min Boiler Room DJ Set at ADE 2012;650574
-bicMOFbBMI;DJ Pierre;Los Angeles;2012-08-24;DJ Pierre 75 min Boiler Room Los Angeles DJ Set;272411
z2ogrccoQKo;Pete Rock;NYC W Hotel Times Square #WDND;2013-05-15;Pete Rock Boiler Room NYC DJ Set at W Hotel Times Square #WDND;398169
ZEIxh3KWwyI;Cinthie & Albert Vogt;Berlin;2014-07-11;Cinthie & Albert Vogt Boiler Room Berlin DJ Set;322731
mzwAC_Am0bI;Oscar Mulero;Berlin;2015-06-03;Oscar Mulero Boiler Room Berlin DJ Set;281417
WYBgysU_rlo;Derrick May;Dollop Detroit;2012-08-17;Derrick May 105 min Boiler Room Broadcasts DJ Set at Dollop Detroit Series;302361
H_WP3TRJfFk;Apparat;Berlin;2012-11-14;Apparat 60 min Boiler Room Berlin DJ Set;832248
Q692lHFaLVM;Nightmares On Wax;undefined;2013-09-16;Nightmares On Wax Boiler Room DJ Set;3128546
IQQnrtlk_ec;Connan Mockasin -;undefined;2014-09-07;Connan Mockasin - Boiler Room In Stereo;339291
p6ozF0Y-PzU;Motor City Drum Ensemble;Dekmantel Festival;2014-08-15;Motor City Drum Ensemble Boiler Room x Dekmantel Festival DJ Set;661276
IloS4zK7hD0;Boys Noize DJ;Berlin;2013-01-19;Boys Noize DJ Set at House of Vans x Boiler Room Berlin;1488714
WU0k08fGBdk;Karenn;undefined;2012-11-23;Karenn Boiler Room LIVE Show;310440
TTooknfXxvQ;Jamie Jones B2B Dyed Soundorom;Ibiza;2013-08-29;Jamie Jones B2B Dyed Soundorom Boiler Room Ibiza Villa Takeovers DJ Set;495820
WG35-7LpIAc;Laurent Garnier;Lyon;2015-08-28;Laurent Garnier Boiler Room Lyon DJ set;429960
VkiJGQidnic;Rødhåd;Berlin;2014-10-07;Rødhåd Boiler Room Berlin DJ Set;362684
QI02PXw0HAs;Moullinex & Xinobi;Lisbon;2014-02-04;Moullinex & Xinobi RBMA x Boiler Room Lisbon DJ Set;409289
fXm2xmN_q4Q;Sofie;London;2014-04-02;Sofie Boiler Room London DJ Set;260711
Wmh6SZ4SCw8;Francesca Lombardo;Chile;2014-05-28;Francesca Lombardo Boiler Room & Ballantine's Stay True Chile DJ Set;430137
sj_ulHgaf40;DJ Hell;Berlin;2012-09-04;DJ Hell 65 min Boiler Room Berlin DJ Set;606942
Hv_oF2ol_Ks;Stephan Bodzin;Berlin;2015-10-08;Stephan Bodzin Boiler Room Berlin Live Set;496382
lsGwBnLWi4o;Heidi;undefined;2013-06-11;Heidi Boiler Room DJ Set;286870
3ChUh2pYpqA;Nicole Moudaber;Ibiza;2013-09-03;Nicole Moudaber Boiler Room Ibiza Villa Takeovers DJ Set;1969887
WwVM_GfVtBY;Totally Enormous Extinct Dinosaurs;undefined;2013-10-14;Totally Enormous Extinct Dinosaurs Boiler Room DJ Set;262311
g3AMQCf4lj4;DARKSIDE;NYC;2013-11-13;DARKSIDE LIVE in the Boiler Room NYC;1867038
LYSXYk9Em_E;Steve Bug;Berlin;2014-07-11;Steve Bug Boiler Room Berlin DJ Set;924893
tQvpxXdXxJw;Pan-Pot;Berlin;2015-10-29;Pan-Pot Boiler Room Berlin DJ Set;476724
wHENTMGVb74;The Gaslamp Killer;London;2014-10-21;The Gaslamp Killer Boiler Room London DJ Set;353578
4qljzHND1OY;Âme;Berlin;2012-08-08;Âme 65 min Boiler Room Berlin DJ Set;466259
JX4MiubWdRU;Dixon;Berlin;2012-06-11;Dixon 30 min Boiler Room Berlin DJ Set;271958
Ww9VtKqprUY;Surgeon;Dekmantel Festival;2014-08-14;Surgeon Boiler Room x Dekmantel Festival Live Set;331118
7wZ5-lb7bQ4;Theo Parrish;undefined;2012-10-31;Theo Parrish 45 min Boiler Room DJ Set;282872
jtOu-3tJO1s;H.O.S.H;Tulum;2015-03-15;H.O.S.H Boiler Room Tulum Live Set;333455
duYO_qHUvwQ;Yousef;Ibiza;2013-09-04;Yousef Boiler Room Ibiza Villa Takeovers DJ Set;341565
NUOlLkVfjDE;Blawan;undefined;2012-05-31;Blawan 65 min Boiler Room DJ set;398565
g1BYw__Q0Jg;John Talabot;undefined;2013-04-02;John Talabot Boiler Room DJ Set;432452
JgVCUB03vjY;Lunice;undefined;2012-07-30;Lunice 45 min Boiler Room DJ Set;288470
gLq4sNDt34o;Scuba b2b George Fitzgerald;London;2013-02-26;Scuba b2b George Fitzgerald Boiler Room London DJ Set;253476
y3VcwaxJzhQ;Tale of Us;Nuits Sonores;2013-05-15;Tale of Us Boiler Room DJ Set at Nuits Sonores;2163532
8tus3FfzRtA;RØDHÅD;Berlin;2013-04-26;RØDHÅD Boiler Room Berlin DJ Set;375981
d9uFygzB-ho;Four Tet;undefined;2012-10-11;Four Tet live in the Boiler Room;267409
vy-k0FopsmY;Carl Cox;Ibiza;2013-08-21;Carl Cox Boiler Room Ibiza Villa Takeovers DJ Set;12678125
0di5Tg80uIQ;Steffi;Berlin;2012-06-01;Steffi Boiler Room Berlin DJ set;312742
1t3fk4QPlD4;Jon Hopkins;undefined;2013-06-13;Jon Hopkins Boiler Room LIVE Show;510376
veCnQve0rqc;Chet Faker;Melbourne;2014-03-13;Chet Faker Boiler Room Melbourne Daytime LIVE Show;2239730
_GpfT2sa9eg;BadBadNotGood;Brownswood Basement;2014-05-09;BadBadNotGood Boiler Room Brownswood Basement Live Show;282876
uAizncAyB-A;Richy Ahmed;Ibiza;2013-08-29;Richy Ahmed Boiler Room Ibiza Villa Takeovers DJ Set;510340
uInltd4OkTQ;Sven Väth;Berlin;2012-12-13;Sven Väth Boiler Room Berlin Groove Magazine take-over Mix;3449580
ebcpQzDRWHw;Armand Van Helden B2B Jackmaster -;London;2015-08-07;Armand Van Helden B2B Jackmaster - Boiler Room x Ray-Ban 009 - London;318929
lJ-Iv9BRK_Y;Luciano;Switzerland;2016-01-22;Luciano Boiler Room Switzerland DJ Set;272274
2YjUYFD81Jo;Maceo Plex;Warehouse Project;2013-10-08;Maceo Plex Boiler Room DJ Set at Warehouse Project;626799
yTvYbhlpeAI;Marc Houle;Berlin;2013-03-08;Marc Houle Boiler Room Berlin LIVE Show;907659
s_Bn6FlvflM;Four Tet;London;2015-06-01;Four Tet Boiler Room London DJ Set;377104
jnGtXnpZYDY;Jamie XX b2b Caribou;undefined;2012-06-01;Jamie XX b2b Caribou 100 min Boiler Room DJ set;672434
v--0OhHHKfg;Adam Beyer DJ;Warehouse Project;2013-12-16;Adam Beyer DJ Set at Warehouse Project;635836
4jW-ItsXazM;Bonobo;undefined;2012-06-01;Bonobo 50 min Boiler Room DJ set;1996148
i-NYNfJxjz8;Louie Vega;London;2014-08-28;Louie Vega Boiler Room London DJ Set;287718
7sev7kbnOVA;SBTRKT;undefined;2012-12-10;SBTRKT Boiler Room Mix;1395104
d786iH20YRw;Trentemøller;STRØM;2013-08-30;Trentemøller Boiler Room DJ Set at STRØM;282157
SQ5bgkhvZNM;Motor City Drum Ensemble;Berlin;2012-06-01;Motor City Drum Ensemble 60 min Boiler Room Berlin DJ set;290591
osS2zsW8mLk;Kink;Moscow;2015-01-19;Kink Boiler Room Moscow Live Set;889440
vsPX1HgN6rM;Catz N Dogz;Berlin;2013-02-12;Catz N Dogz Boiler Room Berlin DJ Set;475968
3ArSb3lCc28;DJ Shadow;undefined;2012-06-01;DJ Shadow 30 min Boiler Room DJ set;660714
jQRI3b2SX8c;Len Faki;Berlin;2014-05-14;Len Faki Boiler Room Berlin DJ Set;2572305
mRfwdJx0NDE;David August;Berlin;2014-04-23;David August Boiler Room Berlin Live Set;2493172
NiEHQpWyYVo;Goldie;undefined;2012-06-06;Goldie 70 min Boiler Room DJ Set;274202
cas70nutwAU;RL Grime;Los Angeles;2012-09-10;RL Grime Boiler Room Los Angeles LIVE Show;576399
GxCY8In1OXI;dOP;Berlin;2013-04-15;dOP Boiler Room Berlin LIVE Show;501567
7LU18BJunVk;Dixon;Dekmantel IR;2015-07-03;Dixon Boiler Room x Dekmantel x IR DJ Set;320709
A9bgrVyMaSk;undefined;Brazil Marky (Drum 'n' Bass);2014-05-19;Boiler Room Brazil DJ Marky DJ Set (Drum 'n' Bass);282973
6NVmWbQZ8yU;Gilles Peterson;undefined;2013-06-27;Gilles Peterson Boiler Room DJ set;300098
F2DtQfcpo6Y;Richie Hawtin;Bloc Weekender;2012-07-16;Richie Hawtin Boiler Room DJ Set at Bloc Weekender;367923
5uwCjAY7Nc0;undefined;present: Mexico | A Short Film [Trailer];2014-05-08;Boiler Room & Ballantine's present: Stay True Mexico | A Short Music Film [Trailer];559882
9sDMizqR_JA;Bicep;undefined;2012-06-06;Bicep 50 min Boiler Room DJ Set;299849
LBslRtUDLA0;Huxley;undefined;2013-06-12;Huxley Boiler Room DJ Set;247070
XW6lxLUBu64;Octave One;Moscow;2014-08-18;Octave One Boiler Room Moscow Live Set;376886
Fb4bCgWkZRc;Anklepants;Berlin;2014-05-29;Anklepants Boiler Room Berlin Live Set;511287
BBzEj_BqgnM;Breakfast with Ringgo: Mndsgn & Knxwledge -;Los Angeles;2014-07-24;Breakfast with Ringgo: Mndsgn & Knxwledge - Boiler Room Los Angeles;248206
3boybrIDInE;Newham Generals aka D Double E & Footsie;undefined;2012-12-14;Newham Generals aka D Double E & Footsie Boiler Room LIVE Set;390456
pORPYc51bOk;Modeselektor;Berlin MELT! Festival;2013-08-19;Modeselektor Boiler Room Berlin x MELT! Festival DJ Set;266874
u_VlLp-BA7E;Kaytranada;Los Angeles;2013-04-09;Kaytranada Boiler Room Los Angeles DJ Set;963946
VXRVu7dKM0c;Shlohmo;Los Angeles;2012-08-29;Shlohmo 60 min Boiler Room Los Angeles DJ Set;433695
X0EVEBx06eQ;Flume;London;2013-02-04;Flume Boiler Room London LIVE Show;1782496
e8WVP3ClDsM;Skream b2b Disclosure;W Hotel London;2012-11-16;Skream b2b Disclosure 70 min Boiler Room DJ Set at W Hotel London;2028499
OJCuCMV5J2Q;Jamie Jones B2B Martinez Brothers;Ibiza;2014-09-12;Jamie Jones B2B Martinez Brothers Boiler Room Ibiza DJ Set;981171
sui24hHDZDI;Richie Hawtin;Amsterdam;2012-06-01;Richie Hawtin 70 min Boiler Room Amsterdam DJ set;9694826
zIBBEggIXBw;Motor City Drum Ensemble;London;2013-05-07;Motor City Drum Ensemble Boiler Room London DJ Set;686841
IP8MHhNJF0s;Modeselektor;Berlin;2012-07-06;Modeselektor 80 min Boiler Room Berlin DJ Set;597590
JCMxf9dChpc;Uto Karem;RoomIbiza;2013-09-09;Uto Karem Boiler RoomIbiza Villa Takeovers DJ Set;245959
CkxdVMdzkrk;Richie Hawtin;Ibiza;2013-08-21;Richie Hawtin Boiler Room Ibiza Villa Takeovers DJ Set;1472094
VL7orW25tHY;Barem;Buenos Aires;2014-12-15;Barem Boiler Room Buenos Aires DJ Set;338800
hyVq--qZVEI;Henrik Schwarz;Berlin;2012-12-03;Henrik Schwarz live in the Boiler Room Berlin;1056861
byAbXUeNLgM;Hot Since 82;Warehouse Project;2013-11-05;Hot Since 82 Boiler Room DJ Set at Warehouse Project;980761
EanuiNxcVHk;Frankie Knuckles;undefined;2013-10-03;Frankie Knuckles Boiler Room DJ Set;1009839
GqypBQPSVYc;Mr. Carmack;London;2014-06-10;Mr. Carmack Boiler Room London DJ Set;298213
aBIltCuj8XE;wAFF;Ibiza;2014-08-29;wAFF Boiler Room Ibiza DJ Set;418840
izQfgDyIVdo;Azari & III;Ibiza;2013-08-22;Azari & III Boiler Room Ibiza Villa Takeovers DJ Set;737247
J0tGubH9ZyM;Guy Gerber;Ibiza;2014-07-26;Guy Gerber Boiler Room Ibiza DJ Set;799370
HV-nNEXgsOk;Jamie xx;London;2014-06-26;Jamie xx Boiler Room London x Young Turks DJ Set;2225474
tUzY3zc9vs8;Bonobo;undefined;2013-11-06;Bonobo Boiler Room DJ Set;742266
bk6Xst6euQk;Solomun;Tulum;2015-03-15;Solomun Boiler Room Tulum DJ Set;8654887
WhNd1iSoBt4;Move D B2B Optimo at;Berlin;2013-01-02;Move D B2B Optimo at RBMA x Boiler Room Berlin;280102
RMrWWAY7MJM;Hudson Mohawke;undefined;2013-02-11;Hudson Mohawke 60 min Boiler Room hip-hop set;290771
G1j18BnWx4k;Art Department;Mexico Tulum;2014-01-30;Art Department Boiler Room Mexico / Tulum Take-over;793496
of3dLxEVCgU;J Rocc;London;2014-04-02;J Rocc Boiler Room London DJ Set;243718
nSSjnID4GJU;James Zabiela;undefined;2012-12-07;James Zabiela Boiler Room Mix;887789
Fh_dWEJlZYI;Mark Ronson;undefined;2013-09-08;Mark Ronson Boiler Room DJ Set;270257
-5EQIiabJvk;Kaytranada;Montreal;2013-12-18;Kaytranada Boiler Room Montreal DJ Set;2744991
EjoCY3s-Y50;Move D;Berlin;2012-06-01;Move D Boiler Room Berlin DJ set;272617
Wmxxp0jTwhs;HNNY;Stockholm;2013-12-06;HNNY Boiler Room Stockholm x Red Bull Music Academy DJ Set;294629
kH3qecejtIo;Julio Bashmore;Los Angeles;2013-01-04;Julio Bashmore Boiler Room Los Angeles DJ Set;399941
78wL4FmhuRc;Jamie XX;Miami;2013-04-05;Jamie XX Boiler Room DJ Set at Red Bull Music Academy x Boiler Room in Miami;337056
c35hIK98D7M;Cassius;W Hotel Paris;2012-11-27;Cassius 50 min Boiler Room DJ Set at W Hotel Paris;272330
iwew9TzWY3M;Kerri Chandler;undefined;2012-12-03;Kerri Chandler 70 min Boiler Room Mix;901307
tfRJhmC-G1Y;Masters At Work;London;2014-08-28;Masters At Work Boiler Room London DJ Set;753222
z0vn2AHQhGo;Dubfire;Amsterdam;2012-06-01;Dubfire 60 min Boiler Room Amsterdam DJ set;1766914
X13beDr0fZY;HVOB;Vienna;2015-06-22;HVOB Boiler Room Vienna Live Set;328862
xih8aiacRSk;Nils Frahm;Dimensions;2014-10-09;Nils Frahm Boiler Room x Dimensions Opening Concert Live Set;550162
uHfjsPo5kdM;Bushwacka;Ibiza;2013-09-24;Bushwacka Boiler Room Ibiza Villa Takeovers DJ Set;532407
pMSKnCbUqBs;Dixon b2b Âme;ADE;2012-10-25;Dixon b2b Âme Boiler Room x Innervisions DJ Set at ADE 2012;590813
JU0S0xpWGOw;Cajmere;ADE;2012-12-03;Cajmere 50 min Boiler Room Mix at ADE;252299
IUjWumGIqe8;Nicolas Jaar;NYC Clown Sunset;2013-04-27;Nicolas Jaar Boiler Room NYC DJ Set at Clown & Sunset Takeover;3280701
0HffibenJl8;Mr G;undefined;2012-11-28;Mr G live in the Boiler Room;373721
-0MoCENw8OQ;Kink;London;2012-11-19;Kink Boiler Room London LIVE Show;315138
c2CZ9n3rkXw;Gaiser;Berlin;2012-06-01;Gaiser 40 min Boiler Room Berlin DJ set;265019
MiDIrmu32QU;Luciano;ADE;2013-12-02;Luciano Boiler Room x Bridgesformusic.org DJ Set at ADE;319018
rB_rlsF83u4;Maya Jane Coles;undefined;2013-09-26;Maya Jane Coles Boiler Room DJ Set;1771223
5uBsfHA5LBo;Digitalism;MELT! Festival;2013-08-05;Digitalism Boiler Room DJ Set at MELT! Festival;767315
sDOIxJln8wE;XXYYXX;Los Angeles;2013-03-19;XXYYXX Boiler Room Los Angeles DJ Set;539914
IVohvU3WApo;Dave Clarke;Amsterdam ADE;2014-11-18;Dave Clarke Boiler Room Amsterdam x ADE DJ Set;363604
LXgTp40Y3zo;BREAKBOT;Paris;2013-10-22;BREAKBOT Boiler Room DJ Set at Red Bull Studios Paris;694656
Bj8425Ma6F8;Laurent Garnier;Dekmantel Festival;2013-09-18;Laurent Garnier Boiler Room DJ Set at Dekmantel Festival;2379265
Ei0pg6FdVSo;Mano Le Tough;Berlin;2014-05-14;Mano Le Tough Boiler Room Berlin DJ Set;685234
8CWKC9b0Oko;Disclosure;undefined;2012-06-29;Disclosure 35 min Boiler Room DJ Set;805572
qQaEWVYuyXU;DJ EZ;undefined;2012-12-14;DJ EZ Boiler Room x RBMA DJ Set;1008691
5vHRUsP20dQ;Maceo Plex;Berlin;2014-10-13;Maceo Plex Boiler Room Berlin DJ Set;3994972
DAe-DZVJFJg;Logan Sama, Skepta, Stormzy & The Square;London;2015-01-07;Logan Sama, Skepta, Stormzy & The Square Boiler Room London Live Set;251938
VLiXVvYm4to;MK;Los Angeles;2013-03-07;MK Boiler Room Los Angeles DJ Set;248015
CVUicWyXFow;Brodinski DJ;Berlin;2013-01-23;Brodinski DJ set at House Of Vans x Boiler Room Berlin;499364
Wzv6ObXj_wk;J.E.S.u.S. (Jackmaster, Eats Everything, Skream & Seth Troxler);Ibiza;2014-07-29;J.E.S.u.S. (Jackmaster, Eats Everything, Skream & Seth Troxler) Boiler Room Ibiza DJ Set;488659
ic7P_qWkdE8;Marcel Dettmann;Berlin;2012-10-29;Marcel Dettmann 60 min Boiler Room Berlin DJ Set;444349
62Ql2yzFJZo;Ken Ishii;Berlin;2014-12-16;Ken Ishii Boiler Room Berlin DJ Set;341068
jnGT5slqGpM;DJ Sneak;undefined;2013-05-15;DJ Sneak Boiler Room DJ Set;660761
